Time Step,Label Index,Name,N-sides-with-radial-keratin-filaments,Center Of Mass Y (nm),Voxel count,Volume (nm³),Center Of Mass X (nm),Center Of Mass Z (nm),Min Intensity (Distance_Map-ER_R),Min Intensity (Distance_Map-ER_L),Min Intensity (Distance_Map-KRT_R),Min Intensity (Distance_Map-KRT_L),Min Intensity (Distance_Map-MT_R),Min Intensity (Distance_Map-MT_L),Min Intensity (Distance_Map-endo_R),Min Intensity (Distance_Map-endo_L)
0,1,DSM3_tile2-2_01,0,2940.687305,15846,1014144,1843.022592,1492.675249,4.00E-09,1.20E-07,1.22E-07,4.97E-07,2.22E-07,9.41E-07,5.18E-07,1.38E-07
0,2,DSM3_tile2-2_02,1,5312.846361,41214,2637696,1239.342942,1634.362595,2.60E-07,4.63E-08,1.08E-06,4.00E-09,1.06E-06,1.69E-07,1.30E-06,7.98E-08
0,3,DSM3_tile2-2_03,2,682.686062,54480,3486720,1035.364978,1667.102129,1.50E-08,2.86E-08,4.00E-09,5.66E-09,8.45E-07,2.66E-07,5.40E-08,2.94E-07
0,4,DSM3_tile2-2_04,2,1206.463165,52340,3349760,1050.170042,1691.35063,1.22E-07,1.20E-08,8.94E-09,1.20E-08,6.54E-07,3.94E-07,2.86E-07,1.62E-07
0,5,DSM3_tile2-2_05,2,6701.728457,106896,6841344,1479.541461,1606.304258,4.00E-09,6.03E-08,4.63E-08,4.00E-09,1.02E-06,2.32E-07,7.65E-07,4.01E-07
0,6,DSM3_tile2-2_06,2,3856.837124,223205,14285120,1601.097269,1622.417401,4.00E-09,4.00E-09,4.00E-09,4.00E-09,7.90E-08,3.55E-07,2.30E-07,1.29E-07
